Type,Date,Part of a policing operation,Policing operation,Latitude,Longitude,Gender,Age range,Self-defined ethnicity,Officer-defined ethnicity,Legislation,Object of search,Outcome,Outcome linked to object of search,Removal of more than just outer clothing
Person search,2015-08-01T02:00:00+00:00,,,,,Male,25-34,White - White British (W1),White,Police and Criminal Evidence Act 1984 (section 1),Offensive weapons,Nothing found - no further action,False,False
Person search,2015-08-01T04:10:00+00:00,,,53.041095,-2.972341,Male,18-24,White - White British (W1),White,Misuse of Drugs Act 1971 (section 23),Controlled drugs,Nothing found - no further action,False,False
Person search,2015-08-01T04:10:00+00:00,,,53.041095,-2.972341,Male,18-24,White - White British (W1),White,Misuse of Drugs Act 1971 (section 23),Controlled drugs,Nothing found - no further action,False,False
Person search,2015-08-01T07:15:00+00:00,,,53.309607,-3.472063,Male,over 34,White - White British (W1),White,Misuse of Drugs Act 1971 (section 23),Controlled drugs,Suspect arrested,True,False
Person and Vehicle search,2015-08-01T07:15:00+00:00,,,53.309607,-3.472063,Male,over 34,White - White British (W1),White,Misuse of Drugs Act 1971 (section 23),Controlled drugs,Suspect arrested,True,False
Person search,2015-08-01T07:15:00+00:00,,,53.309607,-3.472063,Male,over 34,White - White British (W1),White,Misuse of Drugs Act 1971 (section 23),Controlled drugs,Suspect arrested,True,False
Person search,2015-08-01T08:03:00+00:00,,,52.928622,-4.133976,Female,10-17,White - White British (W1),White,Misuse of Drugs Act 1971 (section 23),Controlled drugs,Article found - Detailed outcome unavailable,True,False
Person search,2015-08-01T08:04:00+00:00,,,52.928622,-4.133976,Male,,White - White British (W1),White,Misuse of Drugs Act 1971 (section 23),Controlled drugs,Nothing found - no further action,False,False
Person search,2015-08-01T08:05:00+00:00,,,52.928622,-4.133976,Male,,White - White British (W1),White,Misuse of Drugs Act 1971 (section 23),Controlled drugs,Nothing found - no further action,False,False
Person search,2015-08-01T10:30:00+00:00,,,53.044772,-2.994023,Male,25-34,White - White British (W1),White,Misuse of Drugs Act 1971 (section 23),Controlled drugs,Suspect arrested,True,False
Person search,2015-08-01T13:40:00+00:00,,,53.293751,-3.722866,Male,over 34,White - White British (W1),White,Misuse of Drugs Act 1971 (section 23),Controlled drugs,Nothing found - no further action,False,False
Person and Vehicle search,2015-08-01T15:18:00+00:00,,,,,Male,25-34,White - White British (W1),White,Misuse of Drugs Act 1971 (section 23),Controlled drugs,Article found - Detailed outcome unavailable,False,False
Person and Vehicle search,2015-08-01T16:30:00+00:00,,,,,Female,25-34,White - White British (W1),White,Firearms Act 1968 (section 47),Firearms,Nothing found - no further action,False,False
Person search,2015-08-01T18:35:00+00:00,,,53.293751,-3.722866,Male,over 34,White - White British (W1),White,Misuse of Drugs Act 1971 (section 23),Controlled drugs,Nothing found - no further action,False,False
Person search,2015-08-01T19:25:00+00:00,,,53.245300,-3.042095,Male,25-34,White - Any other White ethnic background (W9),White,Misuse of Drugs Act 1971 (section 23),Controlled drugs,Nothing found - no further action,False,False
Person search,2015-08-01T20:05:00+00:00,,,53.216157,-3.050253,Male,18-24,White - White British (W1),White,Misuse of Drugs Act 1971 (section 23),Controlled drugs,Nothing found - no further action,False,False
Person search,2015-08-01T20:25:00+00:00,,,,,Male,over 34,White - White British (W1),White,Misuse of Drugs Act 1971 (section 23),Controlled drugs,Nothing found - no further action,False,False
Person and Vehicle search,2015-08-01T21:20:00+00:00,,,53.227451,-4.123283,Male,10-17,White - White British (W1),White,Misuse of Drugs Act 1971 (section 23),Controlled drugs,Nothing found - no further action,False,False
Person search,2015-08-02T02:30:00+00:00,,,,,Male,25-34,White - White British (W1),White,Misuse of Drugs Act 1971 (section 23),Controlled drugs,Nothing found - no further action,False,False
Person search,2015-08-02T03:54:00+00:00,,,53.282189,-3.829143,Male,over 34,White - White British (W1),White,Police and Criminal Evidence Act 1984 (section 1),Stolen goods,Nothing found - no further action,False,False
Person and Vehicle search,2015-08-03T01:25:00+00:00,,,53.287538,-3.853031,Male,over 34,White - White British (W1),White,Misuse of Drugs Act 1971 (section 23),Controlled drugs,Suspect arrested,True,False
Person search,2015-08-03T01:40:00+00:00,,,53.287538,-3.853031,Male,25-34,White - White British (W1),White,Misuse of Drugs Act 1971 (section 23),Controlled drugs,Nothing found - no further action,False,False
Person search,2015-08-03T16:45:00+00:00,,,53.047601,-2.996564,Male,18-24,White - White British (W1),White,Misuse of Drugs Act 1971 (section 23),Controlled drugs,Nothing found - no further action,False,False
Person search,2015-08-03T18:10:00+00:00,,,53.045981,-3.005328,Female,over 34,White - White British (W1),White,Misuse of Drugs Act 1971 (section 23),Controlled drugs,Article found - Detailed outcome unavailable,False,False
Person search,2015-08-03T22:15:00+00:00,,,53.321443,-3.807070,Male,18-24,White - White British (W1),White,Misuse of Drugs Act 1971 (section 23),Controlled drugs,Nothing found - no further action,False,False
Person search,2015-08-03T22:17:00+00:00,,,53.321443,-3.807070,Male,10-17,White - White British (W1),White,Misuse of Drugs Act 1971 (section 23),Controlled drugs,Nothing found - no further action,False,False
Person search,2015-08-03T22:25:00+00:00,,,53.321443,-3.807070,Female,10-17,White - White British (W1),White,Misuse of Drugs Act 1971 (section 23),Controlled drugs,Nothing found - no further action,False,False
Person search,2015-08-03T22:30:00+00:00,,,53.282189,-3.829143,Male,over 34,White - White British (W1),White,Police and Criminal Evidence Act 1984 (section 1),Stolen goods,Nothing found - no further action,False,False
Person search,2015-08-04T02:05:00+00:00,,,53.320295,-3.491633,Male,25-34,White - White British (W1),White,Misuse of Drugs Act 1971 (section 23),Controlled drugs,Nothing found - no further action,False,False
Person search,2015-08-04T05:05:00+00:00,,,52.927862,-4.133775,Male,,White - White British (W1),White,Police and Criminal Evidence Act 1984 (section 1),Stolen goods,Nothing found - no further action,False,False
Person search,2015-08-04T05:05:00+00:00,,,52.927862,-4.133775,Male,,White - White British (W1),White,Police and Criminal Evidence Act 1984 (section 1),Stolen goods,Nothing found - no further action,False,False
Person search,2015-08-04T05:05:00+00:00,,,52.927862,-4.133775,Male,10-17,White - White British (W1),White,Police and Criminal Evidence Act 1984 (section 1),Stolen goods,Nothing found - no further action,False,False
Person search,2015-08-04T14:20:00+00:00,,,52.910327,-3.602393,Male,18-24,White - White British (W1),White,Misuse of Drugs Act 1971 (section 23),Controlled drugs,Nothing found - no further action,False,False
Person search,2015-08-04T14:25:00+00:00,,,52.910327,-3.602393,Female,10-17,White - White British (W1),White,Misuse of Drugs Act 1971 (section 23),Controlled drugs,Nothing found - no further action,False,False
Person search,2015-08-04T14:25:00+00:00,,,53.179783,-3.601287,Female,18-24,White - White British (W1),White,Misuse of Drugs Act 1971 (section 23),Controlled drugs,Nothing found - no further action,False,False
Person search,2015-08-04T14:28:00+00:00,,,52.910327,-3.602393,Female,18-24,White - White British (W1),White,Misuse of Drugs Act 1971 (section 23),Controlled drugs,Nothing found - no further action,False,False
Person search,2015-08-04T14:30:00+00:00,,,52.910327,-3.602393,Female,10-17,White - White British (W1),White,Misuse of Drugs Act 1971 (section 23),Controlled drugs,Nothing found - no further action,False,False
Person search,2015-08-04T20:50:00+00:00,,,53.228432,-4.130762,Male,over 34,White - White British (W1),White,Misuse of Drugs Act 1971 (section 23),Controlled drugs,Article found - Detailed outcome unavailable,False,True
Person search,2015-08-04T20:50:00+00:00,,,53.228432,-4.130762,Female,25-34,White - White British (W1),White,Misuse of Drugs Act 1971 (section 23),Controlled drugs,Nothing found - no further action,False,False
Person and Vehicle search,2015-08-04T22:30:00+00:00,,,53.201273,-3.015801,Male,25-34,White - White British (W1),White,Misuse of Drugs Act 1971 (section 23),Controlled drugs,Article found - Detailed outcome unavailable,False,False
Person search,2015-08-05T00:20:00+00:00,,,53.296337,-3.734839,Male,10-17,White - White British (W1),White,Misuse of Drugs Act 1971 (section 23),Controlled drugs,Nothing found - no further action,False,False
Person and Vehicle search,2015-08-05T10:25:00+00:00,,,,,Female,25-34,White - White British (W1),White,Police and Criminal Evidence Act 1984 (section 1),Stolen goods,Suspect arrested,False,False
Person and Vehicle search,2015-08-05T13:50:00+00:00,,,53.254572,-4.311410,Male,25-34,White - White British (W1),White,Misuse of Drugs Act 1971 (section 23),Controlled drugs,Nothing found - no further action,False,False
Person and Vehicle search,2015-08-05T21:20:00+00:00,,,53.058122,-3.185351,Male,over 34,White - White British (W1),White,Misuse of Drugs Act 1971 (section 23),Controlled drugs,Nothing found - no further action,False,False
Person and Vehicle search,2015-08-05T21:20:00+00:00,,,53.043367,-3.008280,Female,10-17,White - White British (W1),White,Misuse of Drugs Act 1971 (section 23),Controlled drugs,Nothing found - no further action,False,False
Person search,2015-08-06T00:25:00+00:00,,,53.324025,-3.828230,Male,over 34,White - White British (W1),White,Misuse of Drugs Act 1971 (section 23),Controlled drugs,Suspect arrested,False,False
Person search,2015-08-06T05:30:00+00:00,,,52.978623,-3.131268,Male,over 34,White - White British (W1),White,Police and Criminal Evidence Act 1984 (section 1),Stolen goods,Suspect arrested,False,False
Person search,2015-08-06T05:30:00+00:00,,,52.978623,-3.131268,Male,over 34,White - White British (W1),White,Police and Criminal Evidence Act 1984 (section 1),Stolen goods,Suspect arrested,True,False
Person search,2015-08-06T10:25:00+00:00,,,,,Male,18-24,White - White British (W1),White,Police and Criminal Evidence Act 1984 (section 1),Offensive weapons,Nothing found - no further action,False,False
Person search,2015-08-06T10:40:00+00:00,,,53.226749,-4.126364,Male,over 34,White - White British (W1),White,Misuse of Drugs Act 1971 (section 23),Controlled drugs,Offender given drugs possession warning,True,False
Person and Vehicle search,2015-08-06T11:20:00+00:00,,,53.317461,-3.496818,Male,over 34,White - White British (W1),White,Police and Criminal Evidence Act 1984 (section 1),Controlled drugs,Nothing found - no further action,False,False
Person search,2015-08-06T15:10:00+00:00,,,52.926472,-4.128559,Female,10-17,White - White British (W1),White,Misuse of Drugs Act 1971 (section 23),Controlled drugs,Nothing found - no further action,False,False
Person search,2015-08-06T15:10:00+00:00,,,52.926472,-4.128559,Female,10-17,White - White British (W1),White,Misuse of Drugs Act 1971 (section 23),Controlled drugs,Nothing found - no further action,False,False
Person search,2015-08-06T19:00:00+00:00,,,53.169064,-3.082133,Male,10-17,White - White British (W1),White,Police and Criminal Evidence Act 1984 (section 1),Stolen goods,Nothing found - no further action,False,False
Person search,2015-08-06T19:38:00+00:00,,,53.089685,-3.029834,Male,18-24,White - White British (W1),White,Criminal Justice and Public Order Act 1994 (section 60),Offensive weapons,Suspect arrested,False,False
Person search,2015-08-07T00:30:00+00:00,,,53.204141,-3.034613,Male,18-24,White - White British (W1),White,Misuse of Drugs Act 1971 (section 23),Article for use in theft,Nothing found - no further action,False,False
Person and Vehicle search,2015-08-07T01:00:00+00:00,,,52.943217,-3.988792,Female,25-34,White - White British (W1),White,Misuse of Drugs Act 1971 (section 23),Controlled drugs,Offender given drugs possession warning,True,False
Person and Vehicle search,2015-08-07T01:00:00+00:00,,,52.943217,-3.988792,Male,over 34,White - White British (W1),White,Misuse of Drugs Act 1971 (section 23),Controlled drugs,Offender given drugs possession warning,True,False
Person search,2015-08-07T08:35:00+00:00,,,53.256593,-4.314293,Male,25-34,White - White British (W1),White,Misuse of Drugs Act 1971 (section 23),Controlled drugs,Nothing found - no further action,False,False
Person search,2015-08-07T10:35:00+00:00,,,53.170950,-3.142950,Male,25-34,White - White British (W1),White,Police and Criminal Evidence Act 1984 (section 1),Stolen goods,Suspect arrested,False,False
Person search,2015-08-07T11:25:00+00:00,,,53.214508,-3.006964,Male,25-34,White - Any other White ethnic background (W9),White,Misuse of Drugs Act 1971 (section 23),Controlled drugs,Suspect arrested,True,False
Person search,2015-08-07T11:45:00+00:00,,,53.214508,-3.006964,Male,over 34,White - Any other White ethnic background (W9),White,Misuse of Drugs Act 1971 (section 23),Controlled drugs,Suspect arrested,True,False
Person search,2015-08-08T00:05:00+00:00,,,,,Male,25-34,White - White British (W1),White,Misuse of Drugs Act 1971 (section 23),Controlled drugs,Nothing found - no further action,False,False
Person search,2015-08-08T00:10:00+00:00,,,53.042295,-2.990341,Male,25-34,White - Any other White ethnic background (W9),White,Misuse of Drugs Act 1971 (section 23),Controlled drugs,Nothing found - no further action,False,False
Person and Vehicle search,2015-08-08T00:10:00+00:00,,,,,Male,25-34,White - Any other White ethnic background (W9),White,Misuse of Drugs Act 1971 (section 23),Controlled drugs,Article found - Detailed outcome unavailable,False,True
Person search,2015-08-08T18:20:00+00:00,,,53.335635,-3.414567,Male,10-17,White - White British (W1),White,Misuse of Drugs Act 1971 (section 23),Controlled drugs,Nothing found - no further action,False,False
Person search,2015-08-08T18:20:00+00:00,,,53.335635,-3.414567,Male,10-17,White - White British (W1),White,Misuse of Drugs Act 1971 (section 23),Controlled drugs,Article found - Detailed outcome unavailable,True,False
Person search,2015-08-08T22:37:00+00:00,,,53.321443,-3.807070,Female,10-17,White - White British (W1),White,Misuse of Drugs Act 1971 (section 23),Controlled drugs,Nothing found - no further action,False,False
Person search,2015-08-09T01:10:00+00:00,,,,,Male,10-17,White - White British (W1),White,Police and Criminal Evidence Act 1984 (section 1),Stolen goods,Nothing found - no further action,False,False
Person search,2015-08-09T01:10:00+00:00,,,,,Male,10-17,White - White British (W1),White,Police and Criminal Evidence Act 1984 (section 1),Stolen goods,Nothing found - no further action,False,False
Person and Vehicle search,2015-08-09T12:00:00+00:00,,,53.041095,-2.972341,Male,18-24,White - White British (W1),White,Firearms Act 1968 (section 47),Firearms,Article found - Detailed outcome unavailable,True,False
Person and Vehicle search,2015-08-09T12:00:00+00:00,,,53.041095,-2.972341,Male,18-24,White - White British (W1),White,Firearms Act 1968 (section 47),Firearms,Nothing found - no further action,False,False
Person and Vehicle search,2015-08-10T00:30:00+00:00,,,53.287537,-3.478655,Male,18-24,White - White British (W1),White,Misuse of Drugs Act 1971 (section 23),Controlled drugs,Nothing found - no further action,False,False
Person search,2015-08-10T00:30:00+00:00,,,,,Male,18-24,White - White British (W1),White,Poaching Prevention Act 1862 (section 2),Game or poaching equipment,Nothing found - no further action,False,False
Person search,2015-08-10T00:30:00+00:00,,,53.106975,-3.038747,Male,18-24,White - White British (W1),White,Police and Criminal Evidence Act 1984 (section 1),Article for use in theft,Nothing found - no further action,False,False
Person and Vehicle search,2015-08-10T00:30:00+00:00,,,53.287537,-3.478655,Male,18-24,White - White British (W1),White,Poaching Prevention Act 1862 (section 2),Game or poaching equipment,Nothing found - no further action,False,False
Person search,2015-08-10T00:35:00+00:00,,,53.287537,-3.478655,Male,18-24,White - White British (W1),White,Misuse of Drugs Act 1971 (section 23),Controlled drugs,Nothing found - no further action,False,False
Person search,2015-08-10T01:50:00+00:00,,,53.317975,-3.818768,Male,10-17,White - White British (W1),White,Misuse of Drugs Act 1971 (section 23),Controlled drugs,Nothing found - no further action,False,False
Person search,2015-08-10T15:50:00+00:00,,,52.822481,-3.844501,Male,over 34,White - White British (W1),White,Misuse of Drugs Act 1971 (section 23),Controlled drugs,Nothing found - no further action,False,False
Person search,2015-08-10T23:40:00+00:00,,,52.902965,-4.384274,Male,over 34,Not Stated (NS),White,Police and Criminal Evidence Act 1984 (section 1),Stolen goods,Nothing found - no further action,False,False
Person search,2015-08-11T02:10:00+00:00,,,53.293909,-3.818736,Male,10-17,White - White British (W1),White,Misuse of Drugs Act 1971 (section 23),Controlled drugs,Nothing found - no further action,False,False
Person search,2015-08-11T02:20:00+00:00,,,53.293909,-3.818736,Male,10-17,White - White British (W1),White,Misuse of Drugs Act 1971 (section 23),Controlled drugs,Nothing found - no further action,False,False
Person search,2015-08-11T10:15:00+00:00,,,,,Male,18-24,White - White British (W1),White,Misuse of Drugs Act 1971 (section 23),Controlled drugs,Nothing found - no further action,False,False
Person search,2015-08-11T19:07:00+00:00,,,53.229021,-4.122941,Female,10-17,White - White British (W1),White,Misuse of Drugs Act 1971 (section 23),Controlled drugs,Article found - Detailed outcome unavailable,True,False
Person search,2015-08-12T13:55:00+00:00,,,53.226384,-4.134166,Male,18-24,Not Stated (NS),Other,Misuse of Drugs Act 1971 (section 23),Controlled drugs,Nothing found - no further action,False,False
Person search,2015-08-12T13:55:00+00:00,,,53.226384,-4.134166,Male,25-34,White - White British (W1),White,Misuse of Drugs Act 1971 (section 23),Controlled drugs,Nothing found - no further action,False,False
Person search,2015-08-12T15:45:00+00:00,,,,,Male,over 34,White - White British (W1),White,Police and Criminal Evidence Act 1984 (section 1),Article for use in theft,Nothing found - no further action,False,False
Person search,2015-08-12T21:40:00+00:00,,,53.169831,-3.139644,Male,over 34,White - White British (W1),White,Misuse of Drugs Act 1971 (section 23),Controlled drugs,Article found - Detailed outcome unavailable,False,False
Person search,2015-08-12T22:35:00+00:00,,,52.926472,-4.128559,Male,18-24,White - White British (W1),White,Misuse of Drugs Act 1971 (section 23),Controlled drugs,Nothing found - no further action,False,False
Person search,2015-08-12T22:35:00+00:00,,,52.926472,-4.128559,Male,18-24,White - White British (W1),White,Misuse of Drugs Act 1971 (section 23),Controlled drugs,Nothing found - no further action,False,False
Person search,2015-08-12T22:35:00+00:00,,,52.926472,-4.128559,Male,18-24,White - White British (W1),White,Misuse of Drugs Act 1971 (section 23),Controlled drugs,Offender given drugs possession warning,True,False
Person and Vehicle search,2015-08-12T22:35:00+00:00,,,52.926472,-4.128559,Male,18-24,White - White British (W1),White,Misuse of Drugs Act 1971 (section 23),Controlled drugs,Nothing found - no further action,False,False
Person search,2015-08-12T22:50:00+00:00,,,53.207534,-3.123440,Male,18-24,White - White British (W1),White,Misuse of Drugs Act 1971 (section 23),Controlled drugs,Nothing found - no further action,False,False
Person search,2015-08-12T23:05:00+00:00,,,53.207534,-3.123440,Male,18-24,White - White British (W1),White,Misuse of Drugs Act 1971 (section 23),Controlled drugs,Nothing found - no further action,False,False
Person and Vehicle search,2015-08-13T11:15:00+00:00,,,53.164132,-3.140629,Male,over 34,White - White British (W1),White,Police and Criminal Evidence Act 1984 (section 1),Offensive weapons,Nothing found - no further action,False,False
Person and Vehicle search,2015-08-13T18:00:00+00:00,,,53.307496,-4.628844,Male,10-17,White - White British (W1),White,Misuse of Drugs Act 1971 (section 23),Controlled drugs,Nothing found - no further action,False,True
Person and Vehicle search,2015-08-13T18:00:00+00:00,,,53.307496,-4.628844,Male,over 34,White - White Irish (W2),White,Misuse of Drugs Act 1971 (section 23),Controlled drugs,Nothing found - no further action,False,False
Person and Vehicle search,2015-08-13T19:30:00+00:00,,,53.390636,-4.457736,Male,25-34,White - White British (W1),White,Misuse of Drugs Act 1971 (section 23),Controlled drugs,Nothing found - no further action,False,False
Person and Vehicle search,2015-08-13T21:30:00+00:00,,,53.117675,-3.310739,Female,10-17,White - Any other White ethnic background (W9),White,Police and Criminal Evidence Act 1984 (section 1),Offensive weapons,Article found - Detailed outcome unavailable,False,False
Person and Vehicle search,2015-08-13T21:30:00+00:00,,,53.117675,-3.310739,Male,10-17,White - White British (W1),White,Police and Criminal Evidence Act 1984 (section 1),Offensive weapons,Suspect arrested,True,False
Person and Vehicle search,2015-08-13T21:30:00+00:00,,,53.117675,-3.310739,Male,18-24,White - White British (W1),White,Police and Criminal Evidence Act 1984 (section 1),Offensive weapons,Nothing found - no further action,False,False
Person and Vehicle search,2015-08-13T21:30:00+00:00,,,53.117675,-3.310739,Male,18-24,White - White British (W1),White,Police and Criminal Evidence Act 1984 (section 1),Offensive weapons,Nothing found - no further action,False,False
Person and Vehicle search,2015-08-13T21:30:00+00:00,,,53.117675,-3.310739,Female,10-17,White - White British (W1),White,Police and Criminal Evidence Act 1984 (section 1),Offensive weapons,Nothing found - no further action,False,False
Person and Vehicle search,2015-08-13T23:15:00+00:00,,,53.053026,-3.026662,Male,25-34,White - White British (W1),White,Police and Criminal Evidence Act 1984 (section 1),Stolen goods,Nothing found - no further action,False,False
Person and Vehicle search,2015-08-14T00:00:00+00:00,,,53.201273,-3.015801,Male,10-17,White - White British (W1),White,Police and Criminal Evidence Act 1984 (section 1),Offensive weapons,Nothing found - no further action,False,False
Person and Vehicle search,2015-08-14T00:00:00+00:00,,,53.201273,-3.015801,Male,18-24,White - White British (W1),White,Police and Criminal Evidence Act 1984 (section 1),Offensive weapons,Nothing found - no further action,False,False
Person search,2015-08-14T00:20:00+00:00,,,53.229021,-4.122941,Male,18-24,White - White British (W1),White,Misuse of Drugs Act 1971 (section 23),Controlled drugs,Article found - Detailed outcome unavailable,True,False
Person and Vehicle search,2015-08-14T10:30:00+00:00,,,53.099391,-4.277714,Male,over 34,White - White British (W1),White,Police and Criminal Evidence Act 1984 (section 1),Offensive weapons,Suspect arrested,False,False
Person and Vehicle search,2015-08-14T16:35:00+00:00,,,53.336989,-3.426943,Male,over 34,Not Stated (NS),Other,Misuse of Drugs Act 1971 (section 23),Controlled drugs,Nothing found - no further action,False,False
Person search,2015-08-14T20:00:00+00:00,,,,,Female,over 34,White - White British (W1),White,Police and Criminal Evidence Act 1984 (section 1),Offensive weapons,Nothing found - no further action,False,False
Person search,2015-08-14T21:30:00+00:00,,,53.326298,-3.834739,Male,10-17,White - White British (W1),White,Misuse of Drugs Act 1971 (section 23),Controlled drugs,Nothing found - no further action,False,False
Person search,2015-08-14T21:36:00+00:00,,,53.326298,-3.834739,Male,18-24,White - White British (W1),White,Misuse of Drugs Act 1971 (section 23),Controlled drugs,Nothing found - no further action,False,False
Person search,2015-08-14T21:55:00+00:00,,,,,Male,over 34,White - White British (W1),White,Police and Criminal Evidence Act 1984 (section 1),Article for use in theft,Suspect arrested,False,False
Person search,2015-08-14T21:55:00+00:00,,,,,Male,over 34,White - White British (W1),White,Police and Criminal Evidence Act 1984 (section 1),Stolen goods,Suspect arrested,False,False
Person search,2015-08-14T23:00:00+00:00,,,53.196541,-3.081568,Male,over 34,White - White British (W1),Other,Misuse of Drugs Act 1971 (section 23),Controlled drugs,Nothing found - no further action,False,False
Person search,2015-08-15T10:10:00+00:00,,,53.048512,-2.967884,Male,over 34,White - White British (W1),White,Police and Criminal Evidence Act 1984 (section 1),Stolen goods,Nothing found - no further action,False,False
Person search,2015-08-15T11:53:00+00:00,,,,,Male,10-17,White - White British (W1),White,Police and Criminal Evidence Act 1984 (section 1),Stolen goods,Nothing found - no further action,False,False
Person search,2015-08-15T22:35:00+00:00,,,,,Male,over 34,Not Stated (NS),White,Police and Criminal Evidence Act 1984 (section 1),Article for use in theft,Article found - Detailed outcome unavailable,False,False
Person and Vehicle search,2015-08-15T22:40:00+00:00,,,53.202729,-3.024234,Male,over 34,White - White British (W1),White,Police and Criminal Evidence Act 1984 (section 1),Offensive weapons,Nothing found - no further action,False,False
Person and Vehicle search,2015-08-15T22:42:00+00:00,,,53.202729,-3.024234,Male,18-24,White - White British (W1),White,Police and Criminal Evidence Act 1984 (section 1),Offensive weapons,Nothing found - no further action,False,False
Person and Vehicle search,2015-08-15T22:45:00+00:00,,,53.202729,-3.024234,Male,18-24,White - White British (W1),White,Police and Criminal Evidence Act 1984 (section 1),Offensive weapons,Nothing found - no further action,False,False
Person and Vehicle search,2015-08-15T22:45:00+00:00,,,53.202729,-3.024234,Male,18-24,White - White British (W1),White,Police and Criminal Evidence Act 1984 (section 1),Offensive weapons,Offender given drugs possession warning,False,False
Person and Vehicle search,2015-08-15T22:50:00+00:00,,,53.355192,-4.234263,Male,25-34,White - White British (W1),White,Misuse of Drugs Act 1971 (section 23),Controlled drugs,Nothing found - no further action,False,False
Person search,2015-08-15T23:15:00+00:00,,,53.203612,-4.218236,Male,18-24,White - White British (W1),Other,Misuse of Drugs Act 1971 (section 23),Controlled drugs,Nothing found - no further action,False,False
Person search,2015-08-16T00:50:00+00:00,,,53.044540,-2.993913,Female,18-24,White - White British (W1),Other,Misuse of Drugs Act 1971 (section 23),Controlled drugs,Nothing found - no further action,False,False
Person and Vehicle search,2015-08-16T01:00:00+00:00,,,53.287367,-4.339227,Male,,Not Stated (NS),Other,Misuse of Drugs Act 1971 (section 23),Stolen goods,Article found - Detailed outcome unavailable,False,False
Person and Vehicle search,2015-08-16T01:00:00+00:00,,,53.287367,-4.339227,Male,,Not Stated (NS),Other,Misuse of Drugs Act 1971 (section 23),Controlled drugs,Article found - Detailed outcome unavailable,True,False
Person search,2015-08-16T04:05:00+00:00,,,53.045664,-3.002367,Male,25-34,White - White British (W1),White,Police and Criminal Evidence Act 1984 (section 1),Offensive weapons,Article found - Detailed outcome unavailable,False,False
Person search,2015-08-16T18:25:00+00:00,,,53.295770,-3.460559,Male,over 34,White - White British (W1),White,Misuse of Drugs Act 1971 (section 23),Controlled drugs,Nothing found - no further action,False,False
Person and Vehicle search,2015-08-16T18:35:00+00:00,,,53.295770,-3.460559,Male,25-34,White - White British (W1),White,Firearms Act 1968 (section 47),Controlled drugs,Article found - Detailed outcome unavailable,True,False
Person and Vehicle search,2015-08-16T18:35:00+00:00,,,53.295770,-3.460559,Male,18-24,White - White British (W1),White,Misuse of Drugs Act 1971 (section 23),Controlled drugs,Article found - Detailed outcome unavailable,True,False
Person and Vehicle search,2015-08-17T16:00:00+00:00,,,53.208204,-3.033513,Male,18-24,White - White British (W1),White,Misuse of Drugs Act 1971 (section 23),Controlled drugs,Article found - Detailed outcome unavailable,False,False
Person and Vehicle search,2015-08-17T16:00:00+00:00,,,53.208204,-3.033513,Male,18-24,White - White British (W1),White,Misuse of Drugs Act 1971 (section 23),Controlled drugs,Article found - Detailed outcome unavailable,False,False
Person and Vehicle search,2015-08-17T19:03:00+00:00,,,53.160035,-2.951053,Male,25-34,White - White British (W1),White,Misuse of Drugs Act 1971 (section 23),Controlled drugs,Offender given drugs possession warning,True,False
Person search,2015-08-17T21:50:00+00:00,,,53.270909,-3.329548,Male,25-34,White - White British (W1),White,Misuse of Drugs Act 1971 (section 23),Controlled drugs,Nothing found - no further action,False,False
Person and Vehicle search,2015-08-18T13:34:00+00:00,,,53.269443,-3.512879,Female,25-34,White - White British (W1),White,Misuse of Drugs Act 1971 (section 23),Controlled drugs,Nothing found - no further action,False,False
Person and Vehicle search,2015-08-18T13:34:00+00:00,,,53.269443,-3.512879,Male,18-24,White - White British (W1),White,Misuse of Drugs Act 1971 (section 23),Controlled drugs,Nothing found - no further action,False,False
Person and Vehicle search,2015-08-18T13:34:00+00:00,,,53.269443,-3.512879,Male,25-34,White - White British (W1),White,Misuse of Drugs Act 1971 (section 23),Controlled drugs,Nothing found - no further action,False,False
Person and Vehicle search,2015-08-18T13:34:00+00:00,,,53.269443,-3.512879,Female,10-17,White - White British (W1),White,Misuse of Drugs Act 1971 (section 23),Controlled drugs,Nothing found - no further action,False,False
Person search,2015-08-18T14:45:00+00:00,,,53.215445,-3.048454,Male,18-24,Not Stated (NS),White,Police and Criminal Evidence Act 1984 (section 1),Offensive weapons,Nothing found - no further action,False,False
Person search,2015-08-18T20:15:00+00:00,,,53.281489,-3.782763,Male,18-24,White - White British (W1),White,,,Nothing found - no further action,False,False
Person search,2015-08-18T23:15:00+00:00,,,53.203882,-3.031238,Male,18-24,White - White British (W1),White,Police and Criminal Evidence Act 1984 (section 1),Stolen goods,Nothing found - no further action,False,False
Person search,2015-08-19T00:05:00+00:00,,,53.071849,-3.015319,Male,18-24,White - White British (W1),White,Police and Criminal Evidence Act 1984 (section 1),Article for use in theft,Nothing found - no further action,False,False
Person search,2015-08-19T00:05:00+00:00,,,53.071849,-3.015319,Male,18-24,White - White British (W1),White,Police and Criminal Evidence Act 1984 (section 1),Stolen goods,Nothing found - no further action,False,False
Person search,2015-08-19T10:30:00+00:00,,,53.227214,-4.133024,Male,over 34,White - White British (W1),White,Misuse of Drugs Act 1971 (section 23),Controlled drugs,Nothing found - no further action,False,False
Person search,2015-08-19T10:30:00+00:00,,,,,Female,over 34,White - White British (W1),White,Misuse of Drugs Act 1971 (section 23),Controlled drugs,Nothing found - no further action,False,False
Person search,2015-08-19T10:35:00+00:00,,,,,Female,25-34,White - White British (W1),White,Misuse of Drugs Act 1971 (section 23),Controlled drugs,Nothing found - no further action,False,False
Person search,2015-08-19T13:42:00+00:00,,,,,Male,18-24,White - White British (W1),White,Misuse of Drugs Act 1971 (section 23),Controlled drugs,Nothing found - no further action,False,False
Person search,2015-08-19T16:35:00+00:00,,,53.066892,-3.013650,Male,10-17,White - White British (W1),White,Police and Criminal Evidence Act 1984 (section 1),Article for use in theft,Suspect arrested,True,False
Person search,2015-08-20T08:05:00+00:00,,,53.292435,-3.714366,Male,18-24,White - White British (W1),White,Misuse of Drugs Act 1971 (section 23),Controlled drugs,Nothing found - no further action,False,False
Person search,2015-08-20T12:20:00+00:00,,,53.046291,-2.991910,Male,over 34,White - White British (W1),White,Police and Criminal Evidence Act 1984 (section 1),Stolen goods,Suspect summonsed to court,True,False
Person search,2015-08-20T13:45:00+00:00,,,53.057858,-3.004038,Male,over 34,White - White British (W1),White,Misuse of Drugs Act 1971 (section 23),Controlled drugs,Nothing found - no further action,False,False
Person search,2015-08-20T15:52:00+00:00,,,53.225155,-4.165446,Male,18-24,White - White British (W1),White,Misuse of Drugs Act 1971 (section 23),Controlled drugs,Offender given drugs possession warning,True,False
Person search,2015-08-20T16:40:00+00:00,,,53.247515,-3.136162,Male,10-17,White - White British (W1),White,Police and Criminal Evidence Act 1984 (section 1),Article for use in theft,Nothing found - no further action,False,False
Person and Vehicle search,2015-08-20T22:30:00+00:00,,,,,Male,18-24,White - White British (W1),White,Misuse of Drugs Act 1971 (section 23),Controlled drugs,Nothing found - no further action,False,False
Person search,2015-08-21T01:00:00+00:00,,,53.328956,-3.844254,Male,18-24,White - White British (W1),White,Police and Criminal Evidence Act 1984 (section 1),Article for use in theft,Nothing found - no further action,False,False
Person search,2015-08-21T04:00:00+00:00,,,53.046111,-2.988698,Male,over 34,White - White British (W1),White,Misuse of Drugs Act 1971 (section 23),Controlled drugs,Suspect arrested,False,False
Person search,2015-08-21T04:00:00+00:00,,,53.046111,-2.988698,Male,over 34,White - White British (W1),White,Misuse of Drugs Act 1971 (section 23),Controlled drugs,Suspect arrested,True,False
Person and Vehicle search,2015-08-21T07:30:00+00:00,,,53.127164,-4.268316,Male,25-34,White - White British (W1),White,Misuse of Drugs Act 1971 (section 23),Controlled drugs,Suspect arrested,False,False
Person and Vehicle search,2015-08-21T07:30:00+00:00,,,53.269451,-4.477037,Male,25-34,White - White British (W1),White,Misuse of Drugs Act 1971 (section 23),Controlled drugs,Suspect arrested,False,False
Person search,2015-08-21T08:30:00+00:00,,,53.048955,-2.996953,Male,over 34,White - White British (W1),White,Police and Criminal Evidence Act 1984 (section 1),Stolen goods,Suspect summonsed to court,True,False
Person search,2015-08-21T11:45:00+00:00,,,,,Male,10-17,White - White British (W1),White,Misuse of Drugs Act 1971 (section 23),Controlled drugs,Article found - Detailed outcome unavailable,True,False
Person search,2015-08-21T13:40:00+00:00,,,53.047403,-2.995471,Male,18-24,White - White British (W1),White,Police and Criminal Evidence Act 1984 (section 1),Offensive weapons,Nothing found - no further action,False,False
Person search,2015-08-21T16:40:00+00:00,,,53.247515,-3.136162,Male,10-17,White - White British (W1),White,Police and Criminal Evidence Act 1984 (section 1),Stolen goods,Nothing found - no further action,False,False
Person and Vehicle search,2015-08-22T00:45:00+00:00,,,52.884152,-3.918029,Male,10-17,Not Stated (NS),Other,Misuse of Drugs Act 1971 (section 23),Controlled drugs,Article found - Detailed outcome unavailable,False,False
Person search,2015-08-22T14:00:00+00:00,,,53.225035,-4.129200,Female,over 34,White - White British (W1),White,Police and Criminal Evidence Act 1984 (section 1),Stolen goods,Nothing found - no further action,False,False
Person and Vehicle search,2015-08-22T14:40:00+00:00,,,53.312928,-3.766390,Male,over 34,White - White British (W1),White,Police and Criminal Evidence Act 1984 (section 1),Stolen goods,Nothing found - no further action,False,False
Person and Vehicle search,2015-08-22T14:45:00+00:00,,,53.312928,-3.766390,Male,over 34,White - White British (W1),White,Police and Criminal Evidence Act 1984 (section 1),Stolen goods,Nothing found - no further action,False,False
Person search,2015-08-22T14:50:00+00:00,,,53.312928,-3.766390,Male,over 34,White - White British (W1),White,Police and Criminal Evidence Act 1984 (section 1),Stolen goods,Nothing found - no further action,False,False
Person and Vehicle search,2015-08-22T22:20:00+00:00,,,53.319584,-3.491007,Male,18-24,White - White British (W1),White,Misuse of Drugs Act 1971 (section 23),Controlled drugs,Nothing found - no further action,False,False
Person and Vehicle search,2015-08-22T22:20:00+00:00,,,53.319584,-3.491007,Male,18-24,White - Any other White ethnic background (W9),White,Misuse of Drugs Act 1971 (section 23),Controlled drugs,Nothing found - no further action,False,False
Person and Vehicle search,2015-08-22T22:40:00+00:00,,,53.319584,-3.491007,Male,18-24,White - White British (W1),White,Misuse of Drugs Act 1971 (section 23),Controlled drugs,Suspect arrested,True,False
Person and Vehicle search,2015-08-23T11:10:00+00:00,,,53.066010,-3.034552,Male,over 34,White - White British (W1),White,Misuse of Drugs Act 1971 (section 23),Controlled drugs,Nothing found - no further action,False,False
Person search,2015-08-23T15:20:00+00:00,,,52.934372,-4.197354,Male,25-34,White - White British (W1),White,Police and Criminal Evidence Act 1984 (section 1),Stolen goods,Suspect arrested,False,False
Person search,2015-08-23T21:25:00+00:00,,,53.288097,-3.849994,Male,18-24,White - White British (W1),White,Misuse of Drugs Act 1971 (section 23),Controlled drugs,Nothing found - no further action,False,False
Person search,2015-08-23T21:25:00+00:00,,,53.288097,-3.849994,Male,10-17,White - White British (W1),White,Misuse of Drugs Act 1971 (section 23),Controlled drugs,Nothing found - no further action,False,False
Person and Vehicle search,2015-08-23T23:30:00+00:00,,,53.146232,-3.043851,Male,25-34,White - White British (W1),White,Misuse of Drugs Act 1971 (section 23),Controlled drugs,Nothing found - no further action,False,False
Person and Vehicle search,2015-08-24T10:25:00+00:00,,,,,Male,over 34,White - White Irish (W2),White,Police and Criminal Evidence Act 1984 (section 1),Offensive weapons,Nothing found - no further action,False,False
Person search,2015-08-24T22:15:00+00:00,,,,,Male,18-24,White - White British (W1),White,Misuse of Drugs Act 1971 (section 23),Controlled drugs,Nothing found - no further action,False,False
Person search,2015-08-24T22:15:00+00:00,,,,,Male,18-24,White - White British (W1),White,Misuse of Drugs Act 1971 (section 23),Controlled drugs,Nothing found - no further action,False,False
Person search,2015-08-24T22:15:00+00:00,,,,,Male,18-24,White - White British (W1),White,Misuse of Drugs Act 1971 (section 23),Controlled drugs,Nothing found - no further action,False,False
Person and Vehicle search,2015-08-26T11:10:00+00:00,,,53.004422,-3.044002,Male,over 34,White - White British (W1),Other,Misuse of Drugs Act 1971 (section 23),Controlled drugs,Nothing found - no further action,False,False
Person search,2015-08-26T16:05:00+00:00,,,52.887829,-4.417336,Male,18-24,White - White British (W1),White,Misuse of Drugs Act 1971 (section 23),Controlled drugs,Nothing found - no further action,False,False
Person search,2015-08-26T16:20:00+00:00,,,52.887808,-4.416607,Male,25-34,White - White British (W1),White,Misuse of Drugs Act 1971 (section 23),Controlled drugs,Offender cautioned,True,False
Person and Vehicle search,2015-08-26T18:20:00+00:00,,,53.046246,-2.985479,Male,18-24,White - White British (W1),Other,Misuse of Drugs Act 1971 (section 23),Controlled drugs,Offender given penalty notice,False,False
Person and Vehicle search,2015-08-26T18:40:00+00:00,,,53.318879,-3.491268,Male,10-17,White - White British (W1),White,Misuse of Drugs Act 1971 (section 23),Controlled drugs,Article found - Detailed outcome unavailable,True,False
Person and Vehicle search,2015-08-26T18:40:00+00:00,,,53.318879,-3.491268,Male,over 34,White - White British (W1),White,Misuse of Drugs Act 1971 (section 23),Controlled drugs,Article found - Detailed outcome unavailable,False,False
Person and Vehicle search,2015-08-26T18:50:00+00:00,,,53.318879,-3.491268,Male,18-24,White - White British (W1),White,Misuse of Drugs Act 1971 (section 23),Controlled drugs,Nothing found - no further action,False,False
Person and Vehicle search,2015-08-26T22:56:00+00:00,,,53.294354,-3.719679,Male,over 34,White - White Irish (W2),White,Misuse of Drugs Act 1971 (section 23),Controlled drugs,Nothing found - no further action,False,False
Person search,2015-08-27T15:10:00+00:00,,,53.012207,-3.056144,Male,10-17,White - White British (W1),White,Criminal Justice and Public Order Act 1994 (section 60),Offensive weapons,Article found - Detailed outcome unavailable,False,False
Person search,2015-08-27T20:40:00+00:00,,,53.332466,-3.855624,Male,18-24,White - White British (W1),White,Misuse of Drugs Act 1971 (section 23),Controlled drugs,Nothing found - no further action,False,False
Person search,2015-08-27T20:40:00+00:00,,,53.332466,-3.855624,Male,18-24,White - White British (W1),White,Misuse of Drugs Act 1971 (section 23),Controlled drugs,Nothing found - no further action,False,False
Person search,2015-08-27T23:20:00+00:00,,,53.029159,-2.938567,Male,18-24,White - White British (W1),White,Misuse of Drugs Act 1971 (section 23),Controlled drugs,Nothing found - no further action,False,False
Person search,2015-08-27T23:20:00+00:00,,,53.029159,-2.938567,Male,18-24,White - White British (W1),White,Misuse of Drugs Act 1971 (section 23),Controlled drugs,Nothing found - no further action,False,False
Person search,2015-08-27T23:20:00+00:00,,,53.029159,-2.938567,Male,18-24,White - White British (W1),White,Misuse of Drugs Act 1971 (section 23),Controlled drugs,Nothing found - no further action,False,False
Person search,2015-08-28T19:05:00+00:00,,,53.309123,-4.633328,Male,25-34,White - White British (W1),White,Police and Criminal Evidence Act 1984 (section 1),Stolen goods,Article found - Detailed outcome unavailable,True,False
Person and Vehicle search,2015-08-28T19:30:00+00:00,,,53.157281,-3.041651,Male,18-24,White - White British (W1),White,Misuse of Drugs Act 1971 (section 23),Controlled drugs,Nothing found - no further action,False,False
Person and Vehicle search,2015-08-28T19:30:00+00:00,,,53.157281,-3.041651,Male,18-24,White - White British (W1),White,Misuse of Drugs Act 1971 (section 23),Controlled drugs,Nothing found - no further action,False,False
Person and Vehicle search,2015-08-28T22:20:00+00:00,,,53.319584,-3.491007,Male,10-17,White - White British (W1),White,Misuse of Drugs Act 1971 (section 23),Controlled drugs,Nothing found - no further action,False,False
Person and Vehicle search,2015-08-29T00:20:00+00:00,,,53.228583,-4.123833,Male,25-34,White - White British (W1),White,Misuse of Drugs Act 1971 (section 23),Controlled drugs,Article found - Detailed outcome unavailable,False,False
Person and Vehicle search,2015-08-29T00:20:00+00:00,,,53.228583,-4.123833,Male,18-24,White - White British (W1),White,Misuse of Drugs Act 1971 (section 23),Controlled drugs,Suspect summonsed to court,False,False
Person and Vehicle search,2015-08-29T01:15:00+00:00,,,53.141160,-4.273629,Female,over 34,White - White British (W1),White,Misuse of Drugs Act 1971 (section 23),Controlled drugs,Suspect arrested,True,False
Person search,2015-08-29T03:25:00+00:00,,,,,Male,25-34,White - White British (W1),White,Misuse of Drugs Act 1971 (section 23),Controlled drugs,Suspect arrested,False,False
Person search,2015-08-29T19:50:00+00:00,,,,,Male,18-24,White - White British (W1),White,Police and Criminal Evidence Act 1984 (section 1),Offensive weapons,Article found - Detailed outcome unavailable,True,False
Person search,2015-08-29T20:15:00+00:00,,,52.928329,-4.128769,Female,10-17,White - White British (W1),White,Misuse of Drugs Act 1971 (section 23),Controlled drugs,Nothing found - no further action,False,False
Person search,2015-08-29T20:15:00+00:00,,,52.928329,-4.128769,Male,10-17,White - White British (W1),White,Misuse of Drugs Act 1971 (section 23),Controlled drugs,Offender cautioned,True,False
Person search,2015-08-29T21:25:00+00:00,,,53.324715,-3.832449,Male,10-17,White - White British (W1),White,Misuse of Drugs Act 1971 (section 23),Controlled drugs,Nothing found - no further action,False,False
Person search,2015-08-29T22:49:00+00:00,,,52.887808,-4.416607,Male,10-17,White - White British (W1),White,Misuse of Drugs Act 1971 (section 23),Controlled drugs,Nothing found - no further action,False,True
Person search,2015-08-29T22:49:00+00:00,,,52.887808,-4.416607,Male,10-17,White - White British (W1),White,Misuse of Drugs Act 1971 (section 23),Controlled drugs,Nothing found - no further action,False,True
Person and Vehicle search,2015-08-30T00:20:00+00:00,,,52.723515,-4.059898,Female,over 34,White - White British (W1),White,Misuse of Drugs Act 1971 (section 23),Controlled drugs,Nothing found - no further action,False,False
Person search,2015-08-30T00:50:00+00:00,,,53.251867,-3.221488,Male,18-24,White - White British (W1),White,Misuse of Drugs Act 1971 (section 23),Controlled drugs,Nothing found - no further action,False,False
Person search,2015-08-30T08:35:00+00:00,,,53.281241,-3.195103,Male,25-34,Not Stated (NS),Other,Criminal Justice and Public Order Act 1994 (section 60),Offensive weapons,Article found - Detailed outcome unavailable,False,True
Person search,2015-08-30T10:40:00+00:00,,,53.312260,-4.631359,Male,10-17,White - White British (W1),White,Misuse of Drugs Act 1971 (section 23),Controlled drugs,Nothing found - no further action,False,True
Person search,2015-08-30T10:40:00+00:00,,,53.303063,-4.630898,Male,10-17,White - White British (W1),White,Misuse of Drugs Act 1971 (section 23),Controlled drugs,Nothing found - no further action,False,True
Person search,2015-08-30T10:40:00+00:00,,,53.303063,-4.630898,Male,10-17,White - White British (W1),White,Misuse of Drugs Act 1971 (section 23),Controlled drugs,Nothing found - no further action,False,False
Person search,2015-08-30T10:48:00+00:00,,,53.303063,-4.630898,Male,10-17,White - White British (W1),White,Misuse of Drugs Act 1971 (section 23),Controlled drugs,Nothing found - no further action,False,False
Person search,2015-08-30T10:52:00+00:00,,,53.303063,-4.630898,Male,10-17,White - White British (W1),White,Misuse of Drugs Act 1971 (section 23),Controlled drugs,Nothing found - no further action,False,False
Person search,2015-08-30T19:00:00+00:00,,,53.258532,-4.322299,Male,18-24,White - White British (W1),White,Police and Criminal Evidence Act 1984 (section 1),Offensive weapons,Nothing found - no further action,False,False
Person search,2015-08-30T20:55:00+00:00,,,53.045142,-2.991794,Male,,White - White British (W1),Other,Misuse of Drugs Act 1971 (section 23),Controlled drugs,Nothing found - no further action,False,False
Person search,2015-08-30T21:00:00+00:00,,,53.045122,-2.995224,Male,18-24,White - White British (W1),White,Misuse of Drugs Act 1971 (section 23),Controlled drugs,Nothing found - no further action,False,False
Person search,2015-08-30T21:05:00+00:00,,,53.044772,-2.994023,Male,25-34,White - White British (W1),White,Misuse of Drugs Act 1971 (section 23),Controlled drugs,Nothing found - no further action,False,False
Person search,2015-08-30T21:15:00+00:00,,,53.044843,-2.993100,Male,over 34,Not Stated (NS),White,Misuse of Drugs Act 1971 (section 23),Controlled drugs,Nothing found - no further action,False,False
Person search,2015-08-30T21:17:00+00:00,,,53.044843,-2.993100,Male,18-24,White - White British (W1),White,Misuse of Drugs Act 1971 (section 23),Controlled drugs,Nothing found - no further action,False,False
Person search,2015-08-30T21:17:00+00:00,,,53.044843,-2.993100,Male,18-24,White - White British (W1),White,Misuse of Drugs Act 1971 (section 23),Controlled drugs,Nothing found - no further action,False,False
Person search,2015-08-30T21:20:00+00:00,,,53.045462,-2.994292,Male,25-34,Not Stated (NS),White,Misuse of Drugs Act 1971 (section 23),Controlled drugs,Nothing found - no further action,False,False
Person search,2015-08-30T21:22:00+00:00,,,53.044843,-2.993100,Male,18-24,White - White British (W1),White,Misuse of Drugs Act 1971 (section 23),Controlled drugs,Nothing found - no further action,False,False
Person search,2015-08-30T21:30:00+00:00,,,53.044843,-2.993100,Male,18-24,Not Stated (NS),White,Misuse of Drugs Act 1971 (section 23),Controlled drugs,Nothing found - no further action,False,False
Person search,2015-08-30T21:30:00+00:00,,,53.044843,-2.993100,Male,18-24,Not Stated (NS),White,Misuse of Drugs Act 1971 (section 23),Controlled drugs,Nothing found - no further action,False,False
Person search,2015-08-30T21:30:00+00:00,,,53.044843,-2.993100,Male,10-17,White - White British (W1),White,Misuse of Drugs Act 1971 (section 23),Controlled drugs,Nothing found - no further action,False,False
Person search,2015-08-30T21:45:00+00:00,,,53.044843,-2.993100,Male,18-24,White - White British (W1),White,Misuse of Drugs Act 1971 (section 23),Controlled drugs,Nothing found - no further action,False,False
Person search,2015-08-30T21:50:00+00:00,,,53.044843,-2.993100,Male,18-24,White - White British (W1),White,Misuse of Drugs Act 1971 (section 23),Controlled drugs,Nothing found - no further action,False,False
Person search,2015-08-30T21:50:00+00:00,,,53.044843,-2.993100,Male,18-24,White - White British (W1),White,Misuse of Drugs Act 1971 (section 23),Controlled drugs,Nothing found - no further action,False,False
Person search,2015-08-30T21:50:00+00:00,,,53.044843,-2.993100,Male,25-34,White - White British (W1),White,Misuse of Drugs Act 1971 (section 23),Controlled drugs,Nothing found - no further action,False,False
Person search,2015-08-30T22:30:00+00:00,,,,,Male,25-34,Not Stated (NS),White,Police and Criminal Evidence Act 1984 (section 1),Offensive weapons,Nothing found - no further action,False,False
Person and Vehicle search,2015-08-30T22:40:00+00:00,,,,,Male,18-24,White - White British (W1),White,Misuse of Drugs Act 1971 (section 23),Controlled drugs,Nothing found - no further action,False,False
Person search,2015-08-30T22:47:00+00:00,,,,,Male,18-24,White - White British (W1),White,Misuse of Drugs Act 1971 (section 23),Controlled drugs,Offender cautioned,False,False
Person and Vehicle search,2015-08-31T02:10:00+00:00,,,52.969808,-3.172598,Male,over 34,White - White British (W1),White,Misuse of Drugs Act 1971 (section 23),Controlled drugs,Nothing found - no further action,False,False
Person and Vehicle search,2015-08-31T02:10:00+00:00,,,52.969808,-3.172598,Male,over 34,White - White British (W1),White,Misuse of Drugs Act 1971 (section 23),Controlled drugs,Nothing found - no further action,False,False
Person search,2015-08-31T04:10:00+00:00,,,53.310836,-3.518155,Male,18-24,White - White British (W1),White,Police and Criminal Evidence Act 1984 (section 1),Article for use in theft,Nothing found - no further action,False,False
Person and Vehicle search,2015-08-31T20:20:00+00:00,,,53.292341,-3.711556,Male,18-24,White - White British (W1),White,Misuse of Drugs Act 1971 (section 23),Controlled drugs,Nothing found - no further action,False,False
Person search,2015-08-31T20:20:00+00:00,,,53.292341,-3.711556,Male,18-24,White - White British (W1),White,Misuse of Drugs Act 1971 (section 23),Controlled drugs,Offender given drugs possession warning,True,False
Person search,2015-08-31T20:20:00+00:00,,,53.292341,-3.711556,Male,18-24,White - White British (W1),White,Misuse of Drugs Act 1971 (section 23),Controlled drugs,Nothing found - no further action,False,False
